contractSymbol,lastTradeDate,strike,lastPrice,bid,ask,volume,openInterest,impliedVolatility,inTheMoney,expiry,optionType
SOFI250207C00005000,2025-02-03 20:17:01+00:00,5.0,10.53,10.0,10.95,10.0,16,8.250004843749998,True,2025-02-07,C
SOFI250207C00007000,2025-02-04 15:29:40+00:00,7.0,8.45,7.6,8.85,6.0,27,8.218754863281248,True,2025-02-07,C
SOFI250207C00007500,2025-02-04 20:44:19+00:00,7.5,7.82,7.3,8.25,12.0,46,7.140626074218751,True,2025-02-07,C
SOFI250207C00008000,2025-02-03 18:32:15+00:00,8.0,7.5,6.8,8.25,2.0,25,5.437503203124999,True,2025-02-07,C
SOFI250207C00009000,2025-02-04 18:18:31+00:00,9.0,6.26,6.05,7.2,23.0,49,5.109378613281249,True,2025-02-07,C
SOFI250207C00010000,2025-02-04 19:46:57+00:00,10.0,5.32,5.25,5.35,12.0,196,2.0625048437499998,True,2025-02-07,C
SOFI250207C00010500,2025-02-03 19:15:06+00:00,10.5,5.06,4.2,5.6,25.0,4,2.8750028125,True,2025-02-07,C
SOFI250207C00011000,2025-02-04 17:38:58+00:00,11.0,4.3,4.15,5.25,51.0,232,3.8281254296875,True,2025-02-07,C
SOFI250207C00011500,2025-02-04 17:23:44+00:00,11.5,3.82,2.95,4.6,33.0,32,4.617191728515625,True,2025-02-07,C
SOFI250207C00012000,2025-02-04 20:58:44+00:00,12.0,3.29,3.25,3.35,102.0,355,1.2812535937499998,True,2025-02-07,C
SOFI250207C00012500,2025-02-04 20:23:06+00:00,12.5,2.81,2.7,2.98,7.0,276,1.453127734375,True,2025-02-07,C
SOFI250207C00013000,2025-02-04 19:44:41+00:00,13.0,2.4,1.64,2.39,66.0,643,1.4609401953124999,True,2025-02-07,C
SOFI250207C00013500,2025-02-04 19:16:11+00:00,13.5,1.9,1.71,2.26,51.0,330,1.5156274218749999,True,2025-02-07,C
SOFI250207C00014000,2025-02-04 20:59:26+00:00,14.0,1.34,1.26,1.36,192.0,679,0.6171913281250001,True,2025-02-07,C
SOFI250207C00014500,2025-02-04 20:57:17+00:00,14.5,0.85,0.86,1.1,527.0,1761,0.9023447265625,True,2025-02-07,C
SOFI250207C00015000,2025-02-04 20:57:50+00:00,15.0,0.51,0.49,0.52,3237.0,4011,0.6210975390625001,True,2025-02-07,C
SOFI250207C00015500,2025-02-04 20:59:30+00:00,15.5,0.26,0.25,0.26,5202.0,5179,0.6289099609375001,False,2025-02-07,C
SOFI250207C00016000,2025-02-04 20:59:41+00:00,16.0,0.1,0.1,0.11,8669.0,17376,0.6210975390625001,False,2025-02-07,C
SOFI250207C00016500,2025-02-04 20:59:14+00:00,16.5,0.05,0.04,0.05,6928.0,19007,0.6562534375000001,False,2025-02-07,C
SOFI250207C00017000,2025-02-04 20:59:15+00:00,17.0,0.02,0.02,0.03,3009.0,16408,0.73437765625,False,2025-02-07,C
SOFI250207C00017500,2025-02-04 20:41:38+00:00,17.5,0.01,0.01,0.02,1178.0,10171,0.8125018749999999,False,2025-02-07,C
SOFI250207C00018000,2025-02-04 20:57:10+00:00,18.0,0.02,0.01,0.02,828.0,14114,0.937500625,False,2025-02-07,C
SOFI250207C00018500,2025-02-04 19:35:45+00:00,18.5,0.01,0.0,0.02,1545.0,13283,1.000005,False,2025-02-07,C
SOFI250207C00019000,2025-02-04 19:53:59+00:00,19.0,0.01,0.0,0.01,168.0,4488,1.000005,False,2025-02-07,C
SOFI250207C00019500,2025-02-04 17:31:02+00:00,19.5,0.01,0.0,0.01,18.0,2018,1.125004375,False,2025-02-07,C
SOFI250207C00020000,2025-02-04 18:03:43+00:00,20.0,0.01,0.0,0.01,166.0,6431,1.2500037499999999,False,2025-02-07,C
SOFI250207C00020500,2025-02-03 17:39:40+00:00,20.5,0.02,0.0,0.01,3.0,1291,1.3125034374999998,False,2025-02-07,C
SOFI250207C00021000,2025-02-04 19:54:02+00:00,21.0,0.01,0.0,0.03,22.0,2859,1.625001875,False,2025-02-07,C
SOFI250207C00021500,2025-02-03 19:10:09+00:00,21.5,0.01,0.0,0.01,3.0,840,1.5000025,False,2025-02-07,C
SOFI250207C00022000,2025-02-04 20:15:40+00:00,22.0,0.01,0.0,0.01,13.0,1054,1.625001875,False,2025-02-07,C
SOFI250207C00022500,2025-02-03 15:42:26+00:00,22.5,0.01,0.0,0.01,10.0,538,1.6875015625,False,2025-02-07,C
SOFI250207C00023000,2025-02-04 16:37:41+00:00,23.0,0.01,0.0,0.01,12.0,1439,1.75000125,False,2025-02-07,C
SOFI250207C00024000,2025-02-03 18:27:25+00:00,24.0,0.01,0.0,0.01,40.0,936,1.875000625,False,2025-02-07,C
SOFI250207C00025000,2025-02-03 14:38:11+00:00,25.0,0.01,0.0,0.01,19.0,4164,2.0625048437499998,False,2025-02-07,C
SOFI250207C00026000,2025-02-03 17:51:37+00:00,26.0,0.01,0.0,0.01,12.0,107,2.2500043749999996,False,2025-02-07,C
SOFI250207C00027000,2025-02-03 14:30:04+00:00,27.0,0.02,0.0,0.01,1.0,601,2.3750040624999995,False,2025-02-07,C
SOFI250207C00027500,2025-01-31 14:35:45+00:00,27.5,0.75,0.0,0.28,2.0,14,3.8750003125,False,2025-02-07,C
SOFI250207C00028000,2025-01-27 14:30:31+00:00,28.0,0.08,0.0,0.57,1.0,10,4.62500421875,False,2025-02-07,C
SOFI250207C00029000,2025-01-23 14:30:05+00:00,29.0,0.07,0.0,0.03,,15,2.93750265625,False,2025-02-07,C
SOFI250207C00030000,2025-01-28 14:35:39+00:00,30.0,0.02,0.0,0.01,2.0,1081,2.750003125,False,2025-02-07,C
SOFI250207C00036000,2025-01-27 17:44:48+00:00,36.0,0.01,0.0,0.01,1.0,59,3.3750015624999996,False,2025-02-07,C
SOFI250214C00007000,2025-02-03 15:52:37+00:00,7.0,8.55,7.55,8.9,20.0,30,4.636722954101563,True,2025-02-14,C
SOFI250214C00007500,2025-02-03 14:41:37+00:00,7.5,7.55,7.4,8.9,5.0,9,3.6250009375000003,True,2025-02-14,C
SOFI250214C00008000,2025-01-31 15:49:46+00:00,8.0,8.38,6.3,8.05,100.0,126,4.3281295898437495,True,2025-02-14,C
SOFI250214C00009000,2025-02-04 14:30:47+00:00,9.0,6.5,5.7,7.05,57.0,237,1.984375078125,True,2025-02-14,C
SOFI250214C00010000,2025-02-04 19:46:57+00:00,10.0,5.37,5.3,5.4,6.0,145,1.5312523437499999,True,2025-02-14,C
SOFI250214C00010500,2025-02-03 17:17:47+00:00,10.5,5.17,4.25,5.0,5.0,43,1.8671881640625,True,2025-02-14,C
SOFI250214C00011000,2025-02-03 16:38:11+00:00,11.0,3.85,3.7,5.2,2.0,26,1.5625021874999998,True,2025-02-14,C
SOFI250214C00011500,2025-02-04 19:56:16+00:00,11.5,3.9,3.05,4.85,2.0,53,1.3984405078125,True,2025-02-14,C
SOFI250214C00012000,2025-02-04 14:56:09+00:00,12.0,3.51,3.2,4.15,1.0,115,1.6601579492187502,True,2025-02-14,C
SOFI250214C00012500,2025-02-04 20:23:06+00:00,12.5,2.84,2.61,2.95,31.0,175,1.0781296093750001,True,2025-02-14,C
SOFI250214C00013000,2025-02-04 17:42:07+00:00,13.0,2.33,2.24,2.43,12.0,311,0.6562534375000001,True,2025-02-14,C
SOFI250214C00013500,2025-02-04 19:06:28+00:00,13.5,1.97,1.45,2.13,130.0,212,1.0410204199218753,True,2025-02-14,C
SOFI250214C00014000,2025-02-04 20:21:16+00:00,14.0,1.45,1.3,1.59,73.0,656,0.6093789062500001,True,2025-02-14,C
SOFI250214C00014500,2025-02-04 20:59:56+00:00,14.5,1.09,1.07,1.1,220.0,1027,0.6210975390625001,True,2025-02-14,C
SOFI250214C00015000,2025-02-04 20:56:43+00:00,15.0,0.76,0.75,0.8,562.0,1640,0.6191444335937502,True,2025-02-14,C
SOFI250214C00015500,2025-02-04 20:56:43+00:00,15.5,0.5,0.5,0.53,1520.0,2694,0.6054726953125001,False,2025-02-14,C
SOFI250214C00016000,2025-02-04 20:57:35+00:00,16.0,0.33,0.32,0.34,7200.0,7150,0.6015664843750002,False,2025-02-14,C
SOFI250214C00016500,2025-02-04 20:58:29+00:00,16.5,0.21,0.2,0.22,2428.0,4825,0.6113320117187502,False,2025-02-14,C
SOFI250214C00017000,2025-02-04 20:59:15+00:00,17.0,0.13,0.13,0.14,3188.0,7167,0.6289099609375001,False,2025-02-14,C
SOFI250214C00017500,2025-02-04 20:54:42+00:00,17.5,0.08,0.08,0.09,936.0,3297,0.6445348046875,False,2025-02-14,C
SOFI250214C00018000,2025-02-04 20:58:19+00:00,18.0,0.06,0.05,0.06,1625.0,5968,0.6640658593750002,False,2025-02-14,C
SOFI250214C00018500,2025-02-04 20:49:34+00:00,18.5,0.04,0.03,0.04,548.0,5244,0.6796907031250001,False,2025-02-14,C
SOFI250214C00019000,2025-02-04 20:35:22+00:00,19.0,0.03,0.02,0.03,157.0,3193,0.710940390625,False,2025-02-14,C
SOFI250214C00019500,2025-02-04 20:09:49+00:00,19.5,0.03,0.02,0.03,224.0,1237,0.7812521875,False,2025-02-14,C
SOFI250214C00020000,2025-02-04 20:42:41+00:00,20.0,0.02,0.01,0.02,476.0,2562,0.7812521875,False,2025-02-14,C
SOFI250214C00020500,2025-02-04 20:42:56+00:00,20.5,0.01,0.01,0.14,22.0,426,1.109379453125,False,2025-02-14,C
SOFI250214C00021000,2025-02-04 20:22:16+00:00,21.0,0.02,0.01,0.02,92.0,1340,0.8906260937499999,False,2025-02-14,C
SOFI250214C00021500,2025-01-31 15:42:58+00:00,21.5,0.25,0.0,0.52,1.0,24,1.6679704101562502,False,2025-02-14,C
SOFI250214C00022000,2025-02-04 18:06:39+00:00,22.0,0.02,0.0,0.02,15.0,517,0.937500625,False,2025-02-14,C
SOFI250214C00022500,2025-02-04 16:34:50+00:00,22.5,0.01,0.0,0.16,175.0,455,1.3828155859374998,False,2025-02-14,C
SOFI250214C00023000,2025-02-04 15:33:42+00:00,23.0,0.01,0.0,0.05,9.0,272,1.1875040625,False,2025-02-14,C
SOFI250214C00024000,2025-02-03 18:57:49+00:00,24.0,0.01,0.0,0.52,65.0,663,2.019536201171875,False,2025-02-14,C
SOFI250214C00025000,2025-02-04 15:53:11+00:00,25.0,0.02,0.0,0.03,44.0,1029,1.2812535937499998,False,2025-02-14,C
SOFI250214C00026000,2025-01-30 20:57:27+00:00,26.0,0.01,0.0,0.43,16.0,14,2.16406708984375,False,2025-02-14,C
SOFI250214C00027000,2025-01-31 18:19:41+00:00,27.0,0.03,0.0,1.08,3.0,30,2.8789090527343753,False,2025-02-14,C
SOFI250214C00028000,2025-02-03 14:41:40+00:00,28.0,0.01,0.0,0.03,150.0,241,1.5312523437499999,False,2025-02-14,C
SOFI250214C00029000,2025-01-24 15:46:23+00:00,29.0,0.12,0.0,1.26,23.0,157,3.2460956347656245,False,2025-02-14,C
SOFI250214C00030000,2025-01-27 14:30:01+00:00,30.0,0.32,0.0,0.25,,5,2.3046917382812495,False,2025-02-14,C
SOFI250214C00036000,2025-02-04 20:10:35+00:00,36.0,0.01,0.0,0.01,2.0,8,1.8125009374999999,False,2025-02-14,C
SOFI250221C00004000,2025-02-03 15:02:11+00:00,4.0,11.0,9.9,12.6,1.0,19,7.835937705078125,True,2025-02-21,C
SOFI250221C00005000,2025-02-03 15:03:35+00:00,5.0,10.08,10.05,11.3,1.0,50,4.195317255859376,True,2025-02-21,C
SOFI250221C00006000,2025-02-03 15:16:48+00:00,6.0,9.05,9.2,10.65,4.0,21,4.195317255859376,True,2025-02-21,C
SOFI250221C00007000,2025-02-03 14:40:41+00:00,7.0,8.17,8.2,9.0,1.0,280,2.8789090527343753,True,2025-02-21,C
SOFI250221C00008000,2025-02-04 20:19:51+00:00,8.0,7.32,6.8,8.0,158.0,314,1.9062504687500001,True,2025-02-21,C
SOFI250221C00009000,2025-02-04 20:04:48+00:00,9.0,6.3,6.2,6.9,1.0,251,1.9921875390625,True,2025-02-21,C
SOFI250221C00010000,2025-02-04 19:45:51+00:00,10.0,5.4,4.9,6.15,21.0,892,1.625001875,True,2025-02-21,C
SOFI250221C00011000,2025-02-04 19:45:51+00:00,11.0,4.4,3.8,4.4,253.0,790,1.0859420703125,True,2025-02-21,C
SOFI250221C00011500,2025-02-04 16:56:05+00:00,11.5,3.97,3.65,3.95,2.0,12,0.6093789062500001,True,2025-02-21,C
SOFI250221C00012000,2025-02-04 19:33:51+00:00,12.0,3.4,3.15,3.9,65.0,1014,1.0683640332031252,True,2025-02-21,C
SOFI250221C00012500,2025-02-04 20:39:51+00:00,12.5,2.9,2.66,3.0,1.0,50,0.5820354296875,True,2025-02-21,C
SOFI250221C00013000,2025-02-04 20:48:11+00:00,13.0,2.45,2.37,2.47,72.0,3502,0.6640658593750002,True,2025-02-21,C
SOFI250221C00013500,2025-02-04 20:17:53+00:00,13.5,2.01,1.84,2.11,12.0,164,0.62305064453125,True,2025-02-21,C
SOFI250221C00014000,2025-02-04 20:56:51+00:00,14.0,1.57,1.55,1.77,215.0,3597,0.6875031250000001,True,2025-02-21,C
SOFI250221C00014500,2025-02-04 20:59:59+00:00,14.5,1.23,1.2,1.26,52.0,619,0.6015664843750002,True,2025-02-21,C
SOFI250221C00015000,2025-02-04 20:59:26+00:00,15.0,0.92,0.9,0.95,986.0,6961,0.5918009570312501,True,2025-02-21,C
SOFI250221C00015500,2025-02-04 20:59:44+00:00,15.5,0.67,0.64,0.7,4370.0,2565,0.5820354296875,False,2025-02-21,C
SOFI250221C00016000,2025-02-04 20:58:59+00:00,16.0,0.47,0.47,0.51,2255.0,15272,0.5908244042968751,False,2025-02-21,C
SOFI250221C00016500,2025-02-04 20:58:22+00:00,16.5,0.34,0.32,0.35,638.0,4007,0.5839885351562499,False,2025-02-21,C
SOFI250221C00017000,2025-02-04 20:59:28+00:00,17.0,0.23,0.23,0.24,3622.0,17574,0.5918009570312501,False,2025-02-21,C
SOFI250221C00017500,2025-02-04 20:28:33+00:00,17.5,0.18,0.16,0.18,3051.0,2849,0.6093789062500001,False,2025-02-21,C
SOFI250221C00018000,2025-02-04 20:58:30+00:00,18.0,0.12,0.12,0.13,2063.0,26028,0.6289099609375001,False,2025-02-21,C
SOFI250221C00018500,2025-02-04 20:58:47+00:00,18.5,0.1,0.09,0.1,386.0,2368,0.6523472265625001,False,2025-02-21,C
SOFI250221C00019000,2025-02-04 20:57:45+00:00,19.0,0.07,0.08,0.08,1361.0,16632,0.6875031250000001,False,2025-02-21,C
SOFI250221C00019500,2025-02-04 20:54:07+00:00,19.5,0.07,0.06,0.07,48.0,1014,0.7148466015625,False,2025-02-21,C
SOFI250221C00020000,2025-02-04 20:58:14+00:00,20.0,0.05,0.05,0.06,2498.0,16590,0.7421900781249999,False,2025-02-21,C
SOFI250221C00020500,2025-02-04 20:55:31+00:00,20.5,0.05,0.04,0.05,163.0,1470,0.7656273437500001,False,2025-02-21,C
SOFI250221C00021000,2025-02-04 20:52:30+00:00,21.0,0.04,0.04,0.05,579.0,4277,0.8164080859374999,False,2025-02-21,C
SOFI250221C00021500,2025-02-04 16:38:10+00:00,21.5,0.04,0.01,0.1,7.0,278,0.8984385156249999,False,2025-02-21,C
SOFI250221C00022000,2025-02-04 19:38:50+00:00,22.0,0.04,0.03,0.04,47.0,6788,0.87500125,False,2025-02-21,C
SOFI250221C00022500,2025-02-04 16:56:03+00:00,22.5,0.01,0.0,0.28,3.0,940,1.1953165234375,False,2025-02-21,C
SOFI250221C00023000,2025-02-04 19:46:13+00:00,23.0,0.03,0.02,0.1,52.0,2979,1.0468797656250002,False,2025-02-21,C
SOFI250221C00024000,2025-02-04 19:04:36+00:00,24.0,0.03,0.02,0.07,64.0,3557,1.0781296093750001,False,2025-02-21,C
SOFI250221C00025000,2025-02-04 19:42:19+00:00,25.0,0.02,0.02,0.04,226.0,5113,1.0859420703125,False,2025-02-21,C
SOFI250221C00026000,2025-02-04 14:47:53+00:00,26.0,0.01,0.01,0.02,4.0,173,1.0625046875000002,False,2025-02-21,C
SOFI250221C00027000,2025-01-27 14:30:00+00:00,27.0,1.06,0.0,0.75,3.0,396,1.99609376953125,False,2025-02-21,C
SOFI250221C00028000,2025-01-31 15:17:51+00:00,28.0,0.02,0.0,0.75,1.0,55,2.080082924804687,False,2025-02-21,C
SOFI250221C00029000,2025-01-30 15:20:28+00:00,29.0,0.01,0.0,0.75,2.0,11,2.160160849609375,False,2025-02-21,C
SOFI250221C00030000,2025-02-04 18:29:15+00:00,30.0,0.02,0.0,0.2,1.0,1563,1.6953140234375002,False,2025-02-21,C
SOFI250221C00031000,2025-01-28 15:49:57+00:00,31.0,0.01,0.0,0.75,2.0,58,2.3105510986328124,False,2025-02-21,C
SOFI250221C00032000,2025-01-27 19:12:05+00:00,32.0,0.02,0.0,0.75,3.0,16,2.3808634228515624,False,2025-02-21,C
SOFI250221C00033000,2025-02-03 15:18:48+00:00,33.0,0.01,0.0,0.75,1.0,20,2.4492226269531248,False,2025-02-21,C
SOFI250221C00035000,2025-02-04 20:26:04+00:00,35.0,0.03,0.0,0.03,1.0,6,1.5312523437499999,False,2025-02-21,C
SOFI250221C00036000,2025-01-27 17:43:18+00:00,36.0,0.02,0.0,0.12,101.0,101,1.8828130859374999,False,2025-02-21,C
SOFI250228C00005000,2025-01-31 15:45:22+00:00,5.0,11.31,9.85,11.0,2.0,7,2.718753203125,True,2025-02-28,C
SOFI250228C00007000,2025-02-04 16:02:11+00:00,7.0,8.55,8.15,9.1,3.0,14,2.47656630859375,True,2025-02-28,C
SOFI250228C00007500,2025-01-23 19:02:29+00:00,7.5,10.5,7.5,7.9,,1,1.7421887890624999,True,2025-02-28,C
SOFI250228C00008000,2025-01-23 17:44:11+00:00,8.0,9.25,7.0,8.25,3.0,2,2.1210984472656245,True,2025-02-28,C
SOFI250228C00009000,2025-01-27 20:19:02+00:00,9.0,7.02,6.05,6.95,4.0,8,1.5820333398437496,True,2025-02-28,C
SOFI250228C00010000,2025-02-03 19:59:42+00:00,10.0,5.6,5.05,6.1,1.0,28,1.4472683886718751,True,2025-02-28,C
SOFI250228C00010500,2025-02-04 14:32:18+00:00,10.5,5.0,4.1,5.45,2.0,46,1.783204208984375,True,2025-02-28,C
SOFI250228C00011000,2025-02-04 19:34:04+00:00,11.0,4.4,4.1,5.2,1.0,51,1.29297228515625,True,2025-02-28,C
SOFI250228C00011500,2025-02-04 15:07:52+00:00,11.5,4.05,3.35,4.5,1.0,25,0.85937640625,True,2025-02-28,C
SOFI250228C00012000,2025-02-03 17:57:27+00:00,12.0,3.65,2.92,3.45,15.0,169,0.79687703125,True,2025-02-28,C
SOFI250228C00012500,2025-02-04 15:41:58+00:00,12.5,3.1,2.72,3.5,6.0,55,0.88476677734375,True,2025-02-28,C
SOFI250228C00013000,2025-02-04 18:03:00+00:00,13.0,2.47,2.29,2.59,11.0,167,0.5839885351562499,True,2025-02-28,C
SOFI250228C00013500,2025-02-04 20:40:03+00:00,13.5,2.04,1.86,2.16,7.0,81,0.56055126953125,True,2025-02-28,C
SOFI250228C00014000,2025-02-04 20:56:48+00:00,14.0,1.67,1.26,1.71,79.0,418,0.6191444335937502,True,2025-02-28,C
SOFI250228C00014500,2025-02-04 20:17:28+00:00,14.5,1.34,1.31,1.47,34.0,407,0.6191444335937502,True,2025-02-28,C
SOFI250228C00015000,2025-02-04 20:54:02+00:00,15.0,1.05,0.97,1.18,333.0,1528,0.59570716796875,True,2025-02-28,C
SOFI250228C00015500,2025-02-04 20:49:26+00:00,15.5,0.84,0.78,0.85,736.0,1214,0.5820354296875,False,2025-02-28,C
SOFI250228C00016000,2025-02-04 20:58:02+00:00,16.0,0.6,0.59,0.65,634.0,2641,0.5830119824218749,False,2025-02-28,C
SOFI250228C00016500,2025-02-04 20:47:35+00:00,16.5,0.46,0.45,0.48,865.0,2974,0.584965087890625,False,2025-02-28,C
SOFI250228C00017000,2025-02-04 20:49:57+00:00,17.0,0.35,0.31,0.35,777.0,3151,0.57617611328125,False,2025-02-28,C
SOFI250228C00017500,2025-02-04 20:53:04+00:00,17.5,0.25,0.24,0.26,477.0,3146,0.58789474609375,False,2025-02-28,C
SOFI250228C00018000,2025-02-04 20:18:15+00:00,18.0,0.19,0.18,0.19,1571.0,5468,0.59570716796875,False,2025-02-28,C
SOFI250228C00018500,2025-02-04 20:52:10+00:00,18.5,0.15,0.13,0.15,494.0,1418,0.6074258007812501,False,2025-02-28,C
SOFI250228C00019000,2025-02-04 20:12:18+00:00,19.0,0.1,0.1,0.12,201.0,1729,0.6250037500000001,False,2025-02-28,C
SOFI250228C00019500,2025-02-04 20:43:10+00:00,19.5,0.09,0.08,0.1,54.0,652,0.64648791015625,False,2025-02-28,C
SOFI250228C00020000,2025-02-04 19:45:52+00:00,20.0,0.07,0.06,0.07,336.0,4190,0.648441015625,False,2025-02-28,C
SOFI250228C00020500,2025-02-04 20:58:40+00:00,20.5,0.06,0.04,0.06,5.0,620,0.6601596484375001,False,2025-02-28,C
SOFI250228C00021000,2025-02-04 19:21:02+00:00,21.0,0.05,0.03,0.06,224.0,668,0.6875031250000001,False,2025-02-28,C
SOFI250228C00022000,2025-02-04 19:14:13+00:00,22.0,0.04,0.03,0.04,53.0,833,0.73437765625,False,2025-02-28,C
SOFI250228C00022500,2025-02-03 19:20:53+00:00,22.5,0.04,0.01,0.15,31.0,125,0.8945323046874999,False,2025-02-28,C
SOFI250228C00023000,2025-02-04 17:18:45+00:00,23.0,0.08,0.01,0.22,5.0,235,1.0039112304687499,False,2025-02-28,C
SOFI250228C00024000,2025-01-31 20:33:50+00:00,24.0,0.03,0.01,0.82,1.0,236,1.482424462890625,False,2025-02-28,C
SOFI250228C00025000,2025-02-03 19:02:13+00:00,25.0,0.04,0.02,0.06,57.0,724,0.9531254687499999,False,2025-02-28,C
SOFI250228C00026000,2025-01-31 19:58:37+00:00,26.0,0.03,0.0,1.12,1.0,88,1.798829130859375,False,2025-02-28,C
SOFI250228C00027000,2025-01-29 20:52:17+00:00,27.0,0.03,0.0,1.25,2.0,34,1.9414065429687501,False,2025-02-28,C
SOFI250228C00028000,2025-01-27 19:15:21+00:00,28.0,0.03,0.0,1.27,4.0,1,2.0273486816406248,False,2025-02-28,C
SOFI250228C00029000,2025-01-24 17:43:45+00:00,29.0,0.15,0.0,0.14,50.0,56,1.2890660546875,False,2025-02-28,C
SOFI250228C00030000,2025-02-03 14:30:11+00:00,30.0,0.02,0.0,0.45,1.0,38,1.671876640625,False,2025-02-28,C
SOFI250228C00031000,2025-01-29 14:36:07+00:00,31.0,0.02,0.0,0.75,2.0,109,1.9453127734375002,False,2025-02-28,C
SOFI250228C00036000,2025-01-28 18:02:37+00:00,36.0,0.01,0.0,0.5,57.0,90,2.031254921875,False,2025-02-28,C
SOFI250307C00005000,2025-01-30 17:48:42+00:00,5.0,11.65,10.2,11.5,,6,3.4843762890625003,True,2025-03-07,C
SOFI250307C00010000,2025-02-03 20:43:44+00:00,10.0,5.53,4.45,6.2,1.0,4,0.789064609375,True,2025-03-07,C
SOFI250307C00011000,2025-01-31 19:06:48+00:00,11.0,4.95,4.25,5.3,6.0,51,1.2695349023437497,True,2025-03-07,C
SOFI250307C00012000,2025-02-04 17:21:08+00:00,12.0,3.5,3.25,3.5,2.0,38,0.5937540625000001,True,2025-03-07,C
SOFI250307C00012500,2025-02-04 19:50:03+00:00,12.5,3.03,2.86,3.05,4.0,34,0.6191444335937502,True,2025-03-07,C
SOFI250307C00013000,2025-02-04 18:48:40+00:00,13.0,2.5,2.35,2.59,5.0,84,0.5468795312500001,True,2025-03-07,C
SOFI250307C00013500,2025-02-04 19:32:16+00:00,13.5,2.2,2.06,2.25,11.0,186,0.6113320117187502,True,2025-03-07,C
SOFI250307C00014000,2025-02-04 20:28:04+00:00,14.0,1.79,1.75,1.93,20.0,146,0.631839619140625,True,2025-03-07,C
SOFI250307C00014500,2025-02-04 20:20:34+00:00,14.5,1.44,1.42,1.6,101.0,203,0.6181678808593751,True,2025-03-07,C
SOFI250307C00015000,2025-02-04 20:50:00+00:00,15.0,1.19,1.1,1.27,82.0,513,0.58789474609375,True,2025-03-07,C
SOFI250307C00015500,2025-02-04 20:26:36+00:00,15.5,0.94,0.9,1.1,417.0,501,0.6162147753906251,False,2025-03-07,C
SOFI250307C00016000,2025-02-04 20:59:27+00:00,16.0,0.74,0.73,0.76,652.0,1544,0.584965087890625,False,2025-03-07,C
SOFI250307C00016500,2025-02-04 20:59:19+00:00,16.5,0.57,0.56,0.62,264.0,1481,0.5908244042968751,False,2025-03-07,C
SOFI250307C00017000,2025-02-04 20:59:09+00:00,17.0,0.45,0.43,0.45,812.0,1122,0.5810588769531251,False,2025-03-07,C
SOFI250307C00017500,2025-02-04 20:59:10+00:00,17.5,0.34,0.33,0.36,313.0,503,0.5888712988281251,False,2025-03-07,C
SOFI250307C00018000,2025-02-04 20:51:43+00:00,18.0,0.28,0.24,0.28,710.0,2182,0.5898478515625001,False,2025-03-07,C
SOFI250307C00018500,2025-02-04 20:56:03+00:00,18.5,0.22,0.21,0.23,181.0,642,0.6132851171875001,False,2025-03-07,C
SOFI250307C00019000,2025-02-04 20:39:31+00:00,19.0,0.17,0.15,0.19,147.0,579,0.6191444335937502,False,2025-03-07,C
SOFI250307C00019500,2025-02-04 20:02:08+00:00,19.5,0.13,0.12,0.35,665.0,1550,0.73437765625,False,2025-03-07,C
SOFI250307C00020000,2025-02-04 20:57:34+00:00,20.0,0.11,0.11,0.12,487.0,4975,0.648441015625,False,2025-03-07,C
SOFI250307C00020500,2025-02-04 16:44:01+00:00,20.5,0.1,0.09,0.1,22.0,301,0.6601596484375001,False,2025-03-07,C
SOFI250307C00021000,2025-02-04 20:38:16+00:00,21.0,0.08,0.07,0.08,36.0,126,0.6679720703125002,False,2025-03-07,C
SOFI250307C00021500,2025-02-04 17:35:19+00:00,21.5,0.06,0.05,0.07,226.0,149,0.6757844921875001,False,2025-03-07,C
SOFI250307C00022000,2025-02-03 15:02:44+00:00,22.0,0.09,0.05,0.06,6.0,176,0.6992217578125001,False,2025-03-07,C
SOFI250307C00022500,2025-02-03 16:47:19+00:00,22.5,0.08,0.02,0.27,3.0,123,0.8906260937499999,False,2025-03-07,C
SOFI250307C00023000,2025-01-30 19:24:08+00:00,23.0,0.1,0.02,0.26,,42,0.92187578125,False,2025-03-07,C
SOFI250307C00024000,2025-02-04 14:30:02+00:00,24.0,0.06,0.01,0.1,2.0,9,0.8281267187499999,False,2025-03-07,C
SOFI250307C00025000,2025-02-04 14:30:01+00:00,25.0,0.01,0.01,0.45,2.0,201,1.1816447167968749,False,2025-03-07,C
SOFI250307C00026000,2025-01-29 17:00:35+00:00,26.0,0.09,0.0,0.75,,2,1.41015919921875,False,2025-03-07,C
SOFI250307C00030000,2025-01-30 19:44:52+00:00,30.0,0.01,0.0,0.1,1.0,160,1.125004375,False,2025-03-07,C
SOFI250314C00011000,2025-01-31 19:50:30+00:00,11.0,4.95,4.3,4.5,2.0,2,0.726565234375,True,2025-03-14,C
SOFI250314C00011500,2025-01-31 20:04:37+00:00,11.5,4.35,2.92,4.0,5.0,5,0.7753928710937501,True,2025-03-14,C
SOFI250314C00012000,2025-01-31 18:34:29+00:00,12.0,4.0,3.1,3.55,5.0,6,0.7382838671874999,True,2025-03-14,C
SOFI250314C00012500,2025-02-03 15:58:16+00:00,12.5,3.35,2.55,3.1,2.0,29,0.69336244140625,True,2025-03-14,C
SOFI250314C00013000,2025-02-03 16:26:21+00:00,13.0,2.9,2.29,2.81,5.0,6,0.5625043750000001,True,2025-03-14,C
SOFI250314C00013500,2025-02-04 20:50:53+00:00,13.5,2.29,1.81,2.4,10.0,5,0.516606396484375,True,2025-03-14,C
SOFI250314C00014000,2025-02-04 18:36:46+00:00,14.0,1.9,1.71,1.94,102.0,30,0.561527822265625,True,2025-03-14,C
SOFI250314C00014500,2025-02-04 19:25:29+00:00,14.5,1.62,1.56,1.75,6.0,45,0.637698935546875,True,2025-03-14,C
SOFI250314C00015000,2025-02-04 20:41:51+00:00,15.0,1.3,1.26,1.32,76.0,57,0.584965087890625,True,2025-03-14,C
SOFI250314C00015500,2025-02-04 20:53:17+00:00,15.5,1.08,1.04,1.07,160.0,113,0.584965087890625,False,2025-03-14,C
SOFI250314C00016000,2025-02-04 20:14:54+00:00,16.0,0.86,0.82,0.87,66.0,280,0.5800823242187501,False,2025-03-14,C
SOFI250314C00016500,2025-02-04 20:21:01+00:00,16.5,0.69,0.65,0.7,181.0,354,0.579105771484375,False,2025-03-14,C
SOFI250314C00017000,2025-02-04 19:01:19+00:00,17.0,0.55,0.53,0.58,51.0,194,0.5908244042968751,False,2025-03-14,C
SOFI250314C00017500,2025-02-04 20:32:57+00:00,17.5,0.45,0.43,0.49,56.0,195,0.6035195898437502,False,2025-03-14,C
SOFI250314C00018000,2025-02-04 20:30:12+00:00,18.0,0.37,0.32,0.37,97.0,73,0.5918009570312501,False,2025-03-14,C
SOFI250314C00018500,2025-02-04 20:58:46+00:00,18.5,0.27,0.25,0.3,43.0,45,0.5976602734375001,False,2025-03-14,C
SOFI250314C00019000,2025-02-04 18:45:07+00:00,19.0,0.23,0.21,0.25,63.0,23,0.6113320117187502,False,2025-03-14,C
SOFI250314C00019500,2025-02-04 15:27:53+00:00,19.5,0.19,0.17,0.21,22.0,28,0.62305064453125,False,2025-03-14,C
SOFI250314C00020000,2025-02-04 18:37:17+00:00,20.0,0.15,0.11,0.16,5.0,53,0.6093789062500001,False,2025-03-14,C
SOFI250314C00020500,2025-01-31 20:29:58+00:00,20.5,0.21,0.11,0.15,13.0,13,0.6425816992187501,False,2025-03-14,C
SOFI250314C00021000,2025-02-04 18:56:18+00:00,21.0,0.11,0.1,0.13,5.0,18,0.6601596484375001,False,2025-03-14,C
SOFI250321C00001000,2025-02-04 15:43:49+00:00,1.0,14.45,13.75,15.05,2.0,126,4.765629042968749,True,2025-03-21,C
SOFI250321C00002000,2025-01-16 18:36:30+00:00,2.0,14.25,12.8,14.05,1.0,31,3.58593853515625,True,2025-03-21,C
SOFI250321C00003000,2025-02-03 15:28:50+00:00,3.0,12.52,11.3,13.3,1.0,96,1.875000625,True,2025-03-21,C
SOFI250321C00004000,2025-01-30 19:37:58+00:00,4.0,12.5,10.7,11.45,6.0,1617,2.44531638671875,True,2025-03-21,C
SOFI250321C00005000,2025-01-31 18:33:11+00:00,5.0,10.93,9.8,10.4,2.0,1471,1.9062504687500001,True,2025-03-21,C
SOFI250321C00006000,2025-02-03 16:52:06+00:00,6.0,9.75,9.3,9.4,14.0,1556,1.4453152734375,True,2025-03-21,C
SOFI250321C00007000,2025-02-04 18:10:10+00:00,7.0,8.29,8.3,8.4,12.0,9389,1.2265663671875,True,2025-03-21,C
SOFI250321C00008000,2025-02-04 19:30:37+00:00,8.0,7.4,6.85,8.0,82.0,4606,1.22266013671875,True,2025-03-21,C
SOFI250321C00009000,2025-02-04 20:41:26+00:00,9.0,6.41,5.75,7.15,22.0,4124,1.0781296093750001,True,2025-03-21,C
SOFI250321C00010000,2025-02-04 20:38:55+00:00,10.0,5.42,5.0,6.2,30.0,17383,1.083988955078125,True,2025-03-21,C
SOFI250321C00011000,2025-02-04 19:45:51+00:00,11.0,4.52,4.4,4.5,233.0,7265,0.73437765625,True,2025-03-21,C
SOFI250321C00012000,2025-02-04 19:33:51+00:00,12.0,3.55,3.5,3.6,82.0,8491,0.6796907031250001,True,2025-03-21,C
SOFI250321C00013000,2025-02-04 20:47:46+00:00,13.0,2.75,2.69,2.83,78.0,9655,0.6630893066406252,True,2025-03-21,C
SOFI250321C00014000,2025-02-04 20:59:38+00:00,14.0,1.99,1.99,2.04,438.0,5328,0.6191444335937502,True,2025-03-21,C
SOFI250321C00015000,2025-02-04 20:59:38+00:00,15.0,1.42,1.39,1.59,1020.0,14317,0.632816171875,True,2025-03-21,C
SOFI250321C00016000,2025-02-04 20:58:15+00:00,16.0,0.97,0.98,1.05,1099.0,40082,0.6127968408203126,False,2025-03-21,C
SOFI250321C00017000,2025-02-04 20:58:52+00:00,17.0,0.67,0.66,0.68,1313.0,19203,0.6015664843750002,False,2025-03-21,C
SOFI250321C00018000,2025-02-04 20:59:17+00:00,18.0,0.45,0.45,0.46,3639.0,13656,0.6093789062500001,False,2025-03-21,C
SOFI250321C00019000,2025-02-04 20:34:01+00:00,19.0,0.32,0.31,0.32,715.0,10160,0.624027197265625,False,2025-03-21,C
SOFI250321C00020000,2025-02-04 20:57:07+00:00,20.0,0.22,0.22,0.23,6910.0,31645,0.6425816992187501,False,2025-03-21,C
SOFI250321C00021000,2025-02-04 20:52:30+00:00,21.0,0.16,0.16,0.18,1893.0,4624,0.6679720703125002,False,2025-03-21,C
SOFI250321C00022000,2025-02-04 20:58:43+00:00,22.0,0.13,0.12,0.13,324.0,9984,0.68555001953125,False,2025-03-21,C
SOFI250321C00023000,2025-02-04 19:47:39+00:00,23.0,0.11,0.02,0.12,45.0,2502,0.6640658593750002,False,2025-03-21,C
SOFI250321C00024000,2025-02-04 20:58:34+00:00,24.0,0.08,0.08,0.09,416.0,2564,0.7421900781249999,False,2025-03-21,C
SOFI250321C00025000,2025-02-04 20:56:57+00:00,25.0,0.08,0.07,0.08,650.0,17678,0.7773459765625,False,2025-03-21,C
SOFI250321C00026000,2025-02-04 17:16:48+00:00,26.0,0.06,0.01,0.25,88.0,710,0.914063359375,False,2025-03-21,C
SOFI250321C00027000,2025-02-04 19:54:44+00:00,27.0,0.05,0.04,0.17,75.0,491,0.9257819921875,False,2025-03-21,C
SOFI250321C00028000,2025-02-04 20:19:33+00:00,28.0,0.05,0.05,0.08,238.0,16068,0.8906260937499999,False,2025-03-21,C
SOFI250321C00029000,2025-02-04 20:58:10+00:00,29.0,0.04,0.03,0.52,4.0,208,1.2324257128906249,False,2025-03-21,C
SOFI250321C00030000,2025-02-04 20:53:05+00:00,30.0,0.06,0.04,0.05,142.0,7115,0.914063359375,False,2025-03-21,C
SOFI250321C00031000,2025-02-04 20:57:42+00:00,31.0,0.03,0.0,0.54,4.0,19,1.3164096679687498,False,2025-03-21,C
SOFI250321C00032000,2025-01-28 19:17:56+00:00,32.0,0.08,0.0,0.54,1.0,3,1.3574250878906249,False,2025-03-21,C
SOFI250321C00033000,2025-01-27 14:33:04+00:00,33.0,0.08,0.0,0.26,10.0,11,1.2109414453124998,False,2025-03-21,C
SOFI250321C00034000,2025-01-29 14:40:47+00:00,34.0,0.05,0.0,0.53,35.0,480,1.4296903515625,False,2025-03-21,C
SOFI250321C00035000,2025-02-03 19:21:52+00:00,35.0,0.05,0.0,0.15,12.0,155,1.1679729101562502,False,2025-03-21,C
SOFI250321C00036000,2025-01-27 18:19:01+00:00,36.0,0.04,0.0,0.54,140.0,253,1.5078149609375,False,2025-03-21,C
SOFI250417C00001000,2025-02-04 16:19:02+00:00,1.0,14.8,13.6,14.8,3.0,17,6.179689775390624,True,2025-04-17,C
SOFI250417C00002000,2025-02-04 15:16:58+00:00,2.0,13.6,12.85,14.45,6.0,10,3.6484383789062504,True,2025-04-17,C
SOFI250417C00003000,2025-01-27 14:33:39+00:00,3.0,12.48,11.95,13.45,1.0,13,2.9843775390625,True,2025-04-17,C
SOFI250417C00004000,2025-02-04 19:12:05+00:00,4.0,11.43,10.55,11.95,1.0,86,2.8710965722656248,True,2025-04-17,C
SOFI250417C00005000,2025-01-30 17:30:05+00:00,5.0,11.55,9.45,11.2,1.0,252,1.2343788281249999,True,2025-04-17,C
SOFI250417C00006000,2025-02-04 20:19:16+00:00,6.0,9.35,8.45,9.95,76.0,1036,2.0664110839843746,True,2025-04-17,C
SOFI250417C00007000,2025-02-04 15:16:55+00:00,7.0,8.62,7.6,8.75,35.0,765,1.57422087890625,True,2025-04-17,C
SOFI250417C00008000,2025-02-04 20:02:33+00:00,8.0,7.37,6.4,8.4,1.0,1813,0.9257819921875,True,2025-04-17,C
SOFI250417C00009000,2025-02-04 20:04:48+00:00,9.0,6.42,6.15,7.4,5.0,2734,1.1757853710937498,True,2025-04-17,C
SOFI250417C00010000,2025-02-04 18:19:04+00:00,10.0,5.5,5.45,5.55,28.0,5745,0.76367423828125,True,2025-04-17,C
SOFI250417C00011000,2025-02-04 19:01:17+00:00,11.0,4.6,4.55,4.65,4.0,2043,0.70898728515625,True,2025-04-17,C
SOFI250417C00012000,2025-02-04 20:24:43+00:00,12.0,3.75,3.6,3.8,70.0,5984,0.6347692773437501,True,2025-04-17,C
SOFI250417C00013000,2025-02-04 20:46:25+00:00,13.0,2.96,2.93,3.0,276.0,5093,0.6259803027343751,True,2025-04-17,C
SOFI250417C00014000,2025-02-04 20:55:56+00:00,14.0,2.29,2.26,2.5,218.0,4419,0.64062859375,True,2025-04-17,C
SOFI250417C00015000,2025-02-04 20:59:04+00:00,15.0,1.73,1.72,1.77,557.0,13356,0.596683720703125,True,2025-04-17,C
SOFI250417C00016000,2025-02-04 20:58:15+00:00,16.0,1.32,1.3,1.35,628.0,9427,0.5991251025390626,False,2025-04-17,C
SOFI250417C00017000,2025-02-04 20:58:45+00:00,17.0,0.96,0.96,0.98,1841.0,8005,0.5927775097656252,False,2025-04-17,C
SOFI250417C00018000,2025-02-04 20:55:26+00:00,18.0,0.72,0.71,0.73,352.0,8878,0.596683720703125,False,2025-04-17,C
SOFI250417C00019000,2025-02-04 20:35:27+00:00,19.0,0.54,0.54,0.56,340.0,6212,0.6093789062500001,False,2025-04-17,C
SOFI250417C00020000,2025-02-04 20:58:07+00:00,20.0,0.41,0.4,0.42,1060.0,13066,0.6152382226562501,False,2025-04-17,C
SOFI250417C00021000,2025-02-04 19:53:55+00:00,21.0,0.29,0.29,0.33,215.0,1896,0.624027197265625,False,2025-04-17,C
SOFI250417C00022000,2025-02-04 16:13:48+00:00,22.0,0.26,0.23,0.26,28.0,1927,0.63867548828125,False,2025-04-17,C
SOFI250417C00023000,2025-02-04 19:24:41+00:00,23.0,0.2,0.18,0.21,10.0,2690,0.6533237792968751,False,2025-04-17,C
SOFI250417C00024000,2025-02-04 19:59:36+00:00,24.0,0.16,0.14,0.17,114.0,1921,0.6660189648437502,False,2025-04-17,C
SOFI250417C00025000,2025-02-04 20:32:30+00:00,25.0,0.14,0.13,0.15,153.0,3477,0.69336244140625,False,2025-04-17,C
SOFI250417C00026000,2025-02-03 14:41:30+00:00,26.0,0.12,0.09,0.13,304.0,1273,0.6992217578125001,False,2025-04-17,C
SOFI250417C00027000,2025-02-04 20:32:43+00:00,27.0,0.1,0.09,0.11,2.0,885,0.7246121289062499,False,2025-04-17,C
SOFI250417C00028000,2025-02-04 18:19:41+00:00,28.0,0.08,0.08,0.12,12.0,1193,0.7597680273437502,False,2025-04-17,C
SOFI250417C00029000,2025-01-27 14:55:04+00:00,29.0,0.17,0.01,0.25,1.0,16,0.8320329296874999,False,2025-04-17,C
SOFI250417C00030000,2025-02-04 20:23:59+00:00,30.0,0.07,0.06,0.2,99.0,4115,0.8652357226562499,False,2025-04-17,C
SOFI250417C00031000,2025-01-30 14:40:42+00:00,31.0,0.13,0.01,0.23,3.0,110,0.8828136718749999,False,2025-04-17,C
SOFI250417C00032000,2025-02-03 20:46:43+00:00,32.0,0.06,0.02,0.2,16.0,92,0.8984385156249999,False,2025-04-17,C
SOFI250417C00033000,2025-02-03 19:12:14+00:00,33.0,0.04,0.02,0.42,17.0,17,1.05859845703125,False,2025-04-17,C
SOFI250417C00034000,2025-02-03 19:11:51+00:00,34.0,0.09,0.0,0.41,10.0,13,1.0722702636718753,False,2025-04-17,C
SOFI250417C00035000,2025-01-23 15:35:47+00:00,35.0,0.22,0.0,0.21,,5,0.97460962890625,False,2025-04-17,C
SOFI250417C00036000,2025-02-04 17:03:53+00:00,36.0,0.05,0.03,0.09,1.0,411,0.914063359375,False,2025-04-17,C
SOFI250620C00001000,2025-02-03 14:46:48+00:00,1.0,14.0,13.9,15.25,1.0,24,3.55468861328125,True,2025-06-20,C
SOFI250620C00002000,2025-01-27 15:39:06+00:00,2.0,14.4,12.15,13.8,1.0,158,2.9804712988281246,True,2025-06-20,C
SOFI250620C00003000,2025-01-28 20:22:31+00:00,3.0,13.15,11.9,13.3,9.0,186,2.003911240234375,True,2025-06-20,C
SOFI250620C00004000,2025-02-03 14:33:29+00:00,4.0,11.2,10.5,12.25,2.0,344,1.2343788281249999,True,2025-06-20,C
SOFI250620C00005000,2025-02-03 15:28:05+00:00,5.0,10.7,9.55,10.95,3.0,1976,1.759766826171875,True,2025-06-20,C
SOFI250620C00006000,2025-02-04 19:53:59+00:00,6.0,9.4,8.6,9.65,2.0,260,1.2402381738281247,True,2025-06-20,C
SOFI250620C00007000,2025-02-04 18:28:55+00:00,7.0,8.55,7.5,8.7,37.0,9184,1.1044966650390626,True,2025-06-20,C
SOFI250620C00008000,2025-02-04 18:17:04+00:00,8.0,7.5,7.0,8.4,1.0,2313,0.94726615234375,True,2025-06-20,C
SOFI250620C00009000,2025-02-04 18:43:56+00:00,9.0,6.7,6.6,7.4,62.0,1483,0.983398603515625,True,2025-06-20,C
SOFI250620C00010000,2025-02-04 20:38:56+00:00,10.0,5.8,5.75,5.85,30.0,9657,0.7382838671874999,True,2025-06-20,C
SOFI250620C00011000,2025-02-04 20:55:56+00:00,11.0,5.0,4.9,5.55,8.0,5776,0.8022480712890624,True,2025-06-20,C
SOFI250620C00012000,2025-02-04 20:04:48+00:00,12.0,4.24,4.2,4.3,146.0,8980,0.6787141503906251,True,2025-06-20,C
SOFI250620C00013000,2025-02-04 19:37:29+00:00,13.0,3.61,3.55,3.65,35.0,4322,0.6660189648437502,True,2025-06-20,C
SOFI250620C00014000,2025-02-04 20:55:42+00:00,14.0,2.98,2.98,3.05,42.0,6283,0.6533237792968751,True,2025-06-20,C
SOFI250620C00015000,2025-02-04 20:56:36+00:00,15.0,2.5,2.48,2.52,614.0,22347,0.641605146484375,True,2025-06-20,C
SOFI250620C00016000,2025-02-04 20:45:40+00:00,16.0,2.06,1.94,2.29,546.0,11925,0.648441015625,False,2025-06-20,C
SOFI250620C00017000,2025-02-04 20:55:58+00:00,17.0,1.72,1.66,1.73,561.0,6779,0.6289099609375001,False,2025-06-20,C
SOFI250620C00018000,2025-02-04 20:54:51+00:00,18.0,1.42,1.36,1.44,293.0,15678,0.6289099609375001,False,2025-06-20,C
SOFI250620C00019000,2025-02-04 20:56:28+00:00,19.0,1.18,1.16,1.19,124.0,4835,0.6347692773437501,False,2025-06-20,C
SOFI250620C00020000,2025-02-04 20:57:26+00:00,20.0,0.98,0.98,1.19,663.0,37808,0.6694368994140626,False,2025-06-20,C
SOFI250620C00021000,2025-02-04 17:48:33+00:00,21.0,0.82,0.8,0.84,11.0,3109,0.641605146484375,False,2025-06-20,C
SOFI250620C00022000,2025-02-04 20:44:47+00:00,22.0,0.7,0.47,0.71,68.0,1804,0.6108437353515627,False,2025-06-20,C
SOFI250620C00023000,2025-02-04 19:26:21+00:00,23.0,0.59,0.36,0.61,5.0,16920,0.6132851171875001,False,2025-06-20,C
SOFI250620C00024000,2025-02-04 20:47:55+00:00,24.0,0.5,0.48,0.52,1.0,2281,0.6586948193359375,False,2025-06-20,C
SOFI250620C00025000,2025-02-04 20:55:36+00:00,25.0,0.45,0.42,0.45,313.0,3842,0.6679720703125002,False,2025-06-20,C
SOFI250620C00026000,2025-02-04 18:28:27+00:00,26.0,0.38,0.35,0.39,4.0,1162,0.6709017285156251,False,2025-06-20,C
SOFI250620C00027000,2025-02-04 19:22:42+00:00,27.0,0.32,0.31,0.34,1.0,1286,0.6796907031250001,False,2025-06-20,C
SOFI250620C00028000,2025-02-04 18:31:39+00:00,28.0,0.29,0.25,0.3,1146.0,4273,0.6816438085937502,False,2025-06-20,C
SOFI250620C00029000,2025-01-31 20:42:54+00:00,29.0,0.33,0.23,0.27,2.0,145,0.69336244140625,False,2025-06-20,C
SOFI250620C00030000,2025-02-04 20:48:24+00:00,30.0,0.22,0.21,0.24,272.0,3700,0.70312796875,False,2025-06-20,C
SOFI250620C00031000,2025-02-04 17:24:48+00:00,31.0,0.2,0.18,0.22,13.0,22,0.709963837890625,False,2025-06-20,C
SOFI250620C00032000,2025-02-04 18:44:47+00:00,32.0,0.19,0.16,0.19,7.0,9,0.7128934960937501,False,2025-06-20,C
SOFI250620C00033000,2025-02-04 16:22:16+00:00,33.0,0.19,0.14,0.18,3.0,11,0.7226590234375,False,2025-06-20,C
SOFI250620C00034000,2025-01-30 19:24:57+00:00,34.0,0.22,0.13,0.17,5.0,9,0.73437765625,False,2025-06-20,C
SOFI250620C00035000,2025-01-31 14:34:50+00:00,35.0,0.19,0.12,0.15,2.0,188,0.7402369726562499,False,2025-06-20,C
SOFI250620C00036000,2025-02-04 17:52:36+00:00,36.0,0.12,0.12,0.14,2.0,315,0.7539087109375,False,2025-06-20,C
SOFI250718C00005000,2025-02-03 15:01:42+00:00,5.0,10.3,10.05,11.55,3.0,105,1.470705771484375,True,2025-07-18,C
SOFI250718C00006000,2025-01-28 20:35:40+00:00,6.0,10.36,8.6,10.3,6.0,14,0.9179695703125,True,2025-07-18,C
SOFI250718C00007000,2025-02-03 15:41:35+00:00,7.0,8.8,8.5,8.6,1.0,122,0.8828136718749999,True,2025-07-18,C
SOFI250718C00008000,2025-02-03 14:51:26+00:00,8.0,7.39,7.55,7.7,4.0,771,0.8105487695312499,True,2025-07-18,C
SOFI250718C00009000,2025-02-04 17:03:21+00:00,9.0,6.8,6.15,7.65,2.0,115,0.8447281152343749,True,2025-07-18,C
SOFI250718C00010000,2025-02-04 18:58:34+00:00,10.0,5.9,5.8,5.95,23.0,1186,0.708010732421875,True,2025-07-18,C
SOFI250718C00011000,2025-02-04 18:02:31+00:00,11.0,5.1,5.05,5.2,2.0,1366,0.6928741650390625,True,2025-07-18,C
SOFI250718C00012000,2025-02-04 19:29:53+00:00,12.0,4.42,4.35,4.45,27.0,1290,0.6679720703125002,True,2025-07-18,C
SOFI250718C00013000,2025-02-04 18:35:56+00:00,13.0,3.81,3.7,4.45,44.0,693,0.7446314599609375,True,2025-07-18,C
SOFI250718C00014000,2025-02-04 20:45:29+00:00,14.0,3.25,3.15,3.25,56.0,1052,0.6440465283203125,True,2025-07-18,C
SOFI250718C00015000,2025-02-04 20:47:08+00:00,15.0,2.71,2.7,2.78,145.0,3019,0.6450230810546875,True,2025-07-18,C
SOFI250718C00016000,2025-02-04 20:56:27+00:00,16.0,2.26,2.24,2.31,153.0,6828,0.629886513671875,False,2025-07-18,C
SOFI250718C00017000,2025-02-04 20:24:27+00:00,17.0,1.91,1.91,2.12,77.0,1847,0.6513706738281251,False,2025-07-18,C
SOFI250718C00018000,2025-02-04 20:56:21+00:00,18.0,1.61,1.6,1.7,10.0,2504,0.6347692773437501,False,2025-07-18,C
SOFI250718C00019000,2025-02-04 20:38:32+00:00,19.0,1.36,1.32,1.52,30.0,638,0.6411168701171875,False,2025-07-18,C
SOFI250718C00020000,2025-02-04 20:38:47+00:00,20.0,1.15,1.09,1.22,214.0,2808,0.6284216845703126,False,2025-07-18,C
SOFI250718C00021000,2025-02-04 20:04:06+00:00,21.0,0.97,0.95,1.0,14.0,7895,0.6293982373046876,False,2025-07-18,C
SOFI250718C00022000,2025-02-04 17:08:18+00:00,22.0,0.86,0.6,1.03,51.0,1340,0.6274451318359376,False,2025-07-18,C
SOFI250718C00023000,2025-02-04 17:02:36+00:00,23.0,0.73,0.67,1.1,8.0,450,0.6904327832031252,False,2025-07-18,C
SOFI250718C00024000,2025-02-04 14:55:25+00:00,24.0,0.64,0.57,0.82,7.0,126,0.6679720703125002,False,2025-07-18,C
SOFI250718C00025000,2025-02-04 19:59:33+00:00,25.0,0.51,0.5,0.54,132.0,2122,0.6411168701171875,False,2025-07-18,C
SOFI250718C00026000,2025-02-04 14:45:39+00:00,26.0,0.48,0.43,0.47,3.0,7,0.6455113574218749,False,2025-07-18,C
SOFI250718C00027000,2025-02-04 14:55:18+00:00,27.0,0.43,0.37,0.57,1.0,490,0.6826203613281252,False,2025-07-18,C
SOFI250718C00028000,2025-01-30 20:37:31+00:00,28.0,0.5,0.18,0.56,2.0,617,0.6669955175781253,False,2025-07-18,C
SOFI250718C00029000,2025-02-04 16:40:15+00:00,29.0,0.34,0.3,0.49,1.0,497,0.7050810742187501,False,2025-07-18,C
SOFI250718C00030000,2025-02-04 16:54:25+00:00,30.0,0.28,0.27,0.31,123.0,2510,0.6777375976562501,False,2025-07-18,C
SOFI250718C00031000,2025-01-28 15:06:40+00:00,31.0,0.4,0.23,0.26,2.0,101,0.6748079394531252,False,2025-07-18,C
SOFI250718C00032000,2025-01-30 14:45:39+00:00,32.0,0.32,0.2,0.43,20.0,20,0.73633076171875,False,2025-07-18,C
SOFI250718C00033000,2025-01-31 19:41:59+00:00,33.0,0.27,0.18,0.21,10.0,46,0.6835969140625001,False,2025-07-18,C
SOFI250718C00034000,2025-02-04 17:48:50+00:00,34.0,0.17,0.16,0.38,1.0,3,0.75195560546875,False,2025-07-18,C
SOFI250718C00035000,2025-02-03 14:30:00+00:00,35.0,0.21,0.15,0.18,5.0,33,0.6992217578125001,False,2025-07-18,C
SOFI250718C00036000,2025-02-04 17:36:43+00:00,36.0,0.16,0.13,0.36,40.0,543,0.7744163183593751,False,2025-07-18,C
SOFI250919C00001000,2025-01-31 17:09:00+00:00,1.0,15.2,13.85,15.0,1.0,54,2.2265669335937495,True,2025-09-19,C
SOFI250919C00002000,2025-01-27 17:57:48+00:00,2.0,13.95,12.9,13.85,2.0,227,1.453127734375,True,2025-09-19,C
SOFI250919C00003000,2025-01-28 14:51:43+00:00,3.0,12.74,11.9,12.55,1.0,418,1.48047134765625,True,2025-09-19,C
SOFI250919C00004000,2025-02-03 20:23:55+00:00,4.0,11.71,11.35,11.55,6.0,418,1.08984830078125,True,2025-09-19,C
SOFI250919C00005000,2025-02-04 16:02:14+00:00,5.0,10.7,10.0,11.35,13.0,666,1.1464886425781249,True,2025-09-19,C
SOFI250919C00006000,2025-02-04 20:54:48+00:00,6.0,9.6,8.75,10.05,1.0,19,0.7187528125,True,2025-09-19,C
SOFI250919C00007000,2025-02-04 18:23:27+00:00,7.0,8.7,8.2,9.45,10.0,4954,0.930664755859375,True,2025-09-19,C
SOFI250919C00008000,2025-02-04 16:59:48+00:00,8.0,7.95,6.8,8.35,34.0,46,0.65820654296875,True,2025-09-19,C
SOFI250919C00009000,2025-02-04 18:36:30+00:00,9.0,7.05,6.45,7.85,1.0,14,0.82226740234375,True,2025-09-19,C
SOFI250919C00010000,2025-02-04 19:53:01+00:00,10.0,6.2,6.2,6.75,18.0,4482,0.8168963623046874,True,2025-09-19,C
SOFI250919C00011000,2025-02-04 18:02:06+00:00,11.0,5.46,5.45,5.55,14.0,83,0.7060576269531251,True,2025-09-19,C
SOFI250919C00012000,2025-02-04 19:53:04+00:00,12.0,4.85,4.75,4.9,236.0,7412,0.6835969140625001,True,2025-09-19,C
SOFI250919C00013000,2025-02-04 20:55:21+00:00,13.0,4.25,4.15,4.35,15.0,245,0.6757844921875001,True,2025-09-19,C
SOFI250919C00014000,2025-02-04 20:24:01+00:00,14.0,3.69,3.65,3.75,95.0,551,0.6611362011718751,True,2025-09-19,C
SOFI250919C00015000,2025-02-04 20:53:05+00:00,15.0,3.25,3.2,3.3,326.0,10571,0.6584506811523438,True,2025-09-19,C
SOFI250919C00016000,2025-02-04 20:59:33+00:00,16.0,2.82,2.77,2.82,241.0,1041,0.6442906665039063,False,2025-09-19,C
SOFI250919C00017000,2025-02-04 20:58:45+00:00,17.0,2.44,2.4,2.51,137.0,10704,0.6450230810546875,False,2025-09-19,C
SOFI250919C00018000,2025-02-04 19:43:44+00:00,18.0,2.16,2.09,2.16,60.0,2482,0.6391637646484375,False,2025-09-19,C
SOFI250919C00019000,2025-02-04 19:02:22+00:00,19.0,1.89,1.84,1.9,8.0,206,0.6411168701171875,False,2025-09-19,C
SOFI250919C00020000,2025-02-04 20:59:08+00:00,20.0,1.64,1.6,1.81,620.0,8705,0.6552768847656252,False,2025-09-19,C
SOFI250919C00021000,2025-02-04 15:43:19+00:00,21.0,1.54,1.39,1.5,6.0,183,0.6430699755859376,False,2025-09-19,C
SOFI250919C00022000,2025-02-04 20:03:49+00:00,22.0,1.24,1.21,1.31,15.0,2885,0.641605146484375,False,2025-09-19,C
SOFI250919C00023000,2025-02-04 20:13:59+00:00,23.0,1.1,1.06,1.17,100.0,315,0.6440465283203125,False,2025-09-19,C
SOFI250919C00024000,2025-02-04 19:56:14+00:00,24.0,0.99,0.94,1.24,8.0,511,0.6713900048828126,False,2025-09-19,C
SOFI250919C00025000,2025-02-04 20:58:49+00:00,25.0,0.87,0.86,0.94,47.0,11555,0.6543003320312502,False,2025-09-19,C
SOFI250919C00026000,2025-01-31 20:45:15+00:00,26.0,0.95,0.77,0.83,3.0,257,0.6557651611328126,False,2025-09-19,C
SOFI250919C00027000,2025-02-04 16:49:19+00:00,27.0,0.76,0.65,0.95,42.0,1860,0.6831086376953126,False,2025-09-19,C
SOFI250919C00028000,2025-01-31 18:04:17+00:00,28.0,0.86,0.41,1.07,2.0,28,0.6909210595703126,False,2025-09-19,C
SOFI250919C00029000,2025-02-04 19:19:22+00:00,29.0,0.57,0.53,0.78,6.0,38,0.6889679541015626,False,2025-09-19,C
SOFI250919C00030000,2025-02-04 20:49:57+00:00,30.0,0.54,0.49,0.55,43.0,3748,0.6665072412109377,False,2025-09-19,C
SOFI250919C00031000,2025-02-03 20:52:49+00:00,31.0,0.5,0.44,0.49,2.0,204,0.6674837939453127,False,2025-09-19,C
SOFI250919C00032000,2025-01-28 15:45:46+00:00,32.0,0.68,0.4,0.83,1.0,13,0.7402369726562499,False,2025-09-19,C
SOFI250919C00033000,2025-01-24 20:39:14+00:00,33.0,1.05,0.36,0.41,1.0,202,0.6743196630859377,False,2025-09-19,C
SOFI250919C00034000,2025-02-04 14:30:01+00:00,34.0,0.54,0.33,0.37,1.0,59,0.676761044921875,False,2025-09-19,C
SOFI250919C00035000,2025-02-04 20:18:02+00:00,35.0,0.31,0.31,0.35,101.0,8,0.684573466796875,False,2025-09-19,C
SOFI250919C00036000,2025-02-04 18:45:22+00:00,36.0,0.29,0.28,0.32,200.0,291,0.6865265722656251,False,2025-09-19,C
SOFI260116C00001000,2025-01-31 20:10:33+00:00,1.0,14.0,14.25,15.1,4.0,1195,2.4843787890625,True,2026-01-16,C
SOFI260116C00002000,2025-02-04 19:34:31+00:00,2.0,13.5,12.85,13.95,2.0,832,1.2382850585937497,True,2026-01-16,C
SOFI260116C00003000,2025-02-04 18:59:41+00:00,3.0,12.6,11.45,13.35,18.0,3725,0.98437515625,True,2026-01-16,C
SOFI260116C00004000,2025-02-03 20:05:06+00:00,4.0,11.85,11.5,11.85,23.0,5180,1.1015669921875002,True,2026-01-16,C
SOFI260116C00005000,2025-02-04 15:39:50+00:00,5.0,10.95,10.55,10.85,4.0,15572,0.946289599609375,True,2026-01-16,C
SOFI260116C00007000,2025-02-04 20:55:56+00:00,7.0,8.98,8.85,9.15,143.0,35325,0.8320329296874999,True,2026-01-16,C
SOFI260116C00010000,2025-02-04 20:59:42+00:00,10.0,6.75,6.7,6.75,396.0,95438,0.72851833984375,True,2026-01-16,C
SOFI260116C00012000,2025-02-04 20:45:01+00:00,12.0,5.5,5.4,5.5,760.0,37518,0.6887238159179689,True,2026-01-16,C
SOFI260116C00015000,2025-02-04 20:58:10+00:00,15.0,4.0,3.95,4.0,1937.0,62108,0.6621127539062501,True,2026-01-16,C
SOFI260116C00017000,2025-02-04 20:47:57+00:00,17.0,3.25,3.2,3.3,458.0,30346,0.6569858520507813,False,2026-01-16,C
SOFI260116C00020000,2025-02-04 20:55:58+00:00,20.0,2.38,2.36,2.43,3626.0,68695,0.6491734301757812,False,2026-01-16,C
SOFI260116C00022000,2025-02-04 20:58:30+00:00,22.0,1.98,1.95,2.0,1863.0,3613,0.6479527392578125,False,2026-01-16,C
SOFI260116C00025000,2025-02-04 20:26:46+00:00,25.0,1.49,1.48,1.5,554.0,28306,0.6472203247070312,False,2026-01-16,C
SOFI260116C00027000,2025-02-04 19:59:29+00:00,27.0,1.23,1.22,1.27,117.0,25399,0.6479527392578125,False,2026-01-16,C
SOFI260116C00030000,2025-02-04 20:37:50+00:00,30.0,1.0,0.94,1.0,964.0,10279,0.6513706738281251,False,2026-01-16,C
SOFI260116C00032000,2025-02-04 19:48:38+00:00,32.0,0.83,0.64,1.17,120.0,122,0.6718782812500002,False,2026-01-16,C
SOFI260116C00035000,2025-02-04 20:58:53+00:00,35.0,0.68,0.66,0.72,359.0,1401,0.6655306884765627,False,2026-01-16,C
SOFI260220C00003000,2025-01-31 18:21:17+00:00,3.0,13.2,11.75,12.75,1.0,19,1.3457063964843747,True,2026-02-20,C
SOFI260220C00005000,2025-01-30 14:35:44+00:00,5.0,11.0,10.05,11.25,1.0,31,0.86914193359375,True,2026-02-20,C
SOFI260220C00008000,2025-02-04 19:06:57+00:00,8.0,8.26,8.0,9.25,29.0,68,0.89257919921875,True,2026-02-20,C
SOFI260220C00010000,2025-02-04 20:24:54+00:00,10.0,6.84,6.8,7.0,53.0,591,0.7382838671874999,True,2026-02-20,C
SOFI260220C00012000,2025-02-04 20:22:31+00:00,12.0,5.67,5.6,5.7,17.0,781,0.6972686523437501,True,2026-02-20,C
SOFI260220C00015000,2025-02-04 20:42:13+00:00,15.0,4.25,4.15,4.3,45.0,1659,0.6738313867187502,True,2026-02-20,C
SOFI260220C00017000,2025-02-04 19:03:51+00:00,17.0,3.47,3.45,3.55,122.0,1948,0.6667513793945314,False,2026-02-20,C
SOFI260220C00020000,2025-02-04 20:54:03+00:00,20.0,2.61,2.6,2.67,73.0,1256,0.657229990234375,False,2026-02-20,C
SOFI260220C00022000,2025-02-04 20:26:46+00:00,22.0,2.21,2.07,2.42,16.0,362,0.6621127539062501,False,2026-02-20,C
SOFI260220C00025000,2025-02-04 19:30:23+00:00,25.0,1.75,1.65,2.63,4.0,1222,0.7287624780273438,False,2026-02-20,C
SOFI260220C00027000,2025-02-04 17:43:55+00:00,27.0,1.47,1.39,1.51,48.0,1068,0.6555210229492189,False,2026-02-20,C
SOFI260220C00030000,2025-02-04 15:52:18+00:00,30.0,1.2,1.1,1.2,14.0,628,0.6577182666015625,False,2026-02-20,C
SOFI260220C00032000,2025-02-03 18:32:19+00:00,32.0,1.14,0.71,1.17,13.0,898,0.6479527392578125,False,2026-02-20,C
SOFI260220C00035000,2025-02-04 16:26:37+00:00,35.0,0.85,0.26,1.18,3.0,1987,0.641605146484375,False,2026-02-20,C
SOFI260320C00003000,2025-01-31 20:24:19+00:00,3.0,12.95,11.6,12.85,2.0,5,1.3847687011718748,True,2026-03-20,C
SOFI260320C00005000,2025-02-03 14:45:04+00:00,5.0,10.5,9.65,11.95,1.0,6,0.930664755859375,True,2026-03-20,C
SOFI260320C00008000,2025-02-04 19:06:57+00:00,8.0,8.4,8.2,8.85,1.0,9,0.8305681005859374,True,2026-03-20,C
SOFI260320C00010000,2025-02-04 18:20:25+00:00,10.0,6.92,6.95,9.25,10.0,28,0.99804689453125,True,2026-03-20,C
SOFI260320C00013000,2025-02-04 19:04:22+00:00,13.0,5.25,4.75,6.25,11.0,504,0.7319362744140624,True,2026-03-20,C
SOFI260320C00015000,2025-02-04 17:46:17+00:00,15.0,4.25,4.3,4.4,43.0,465,0.6709017285156251,True,2026-03-20,C
SOFI260320C00017000,2025-02-04 20:56:41+00:00,17.0,3.65,3.6,3.7,475.0,394,0.667239655761719,False,2026-03-20,C
SOFI260320C00020000,2025-02-04 20:57:03+00:00,20.0,2.75,2.67,2.81,501.0,448,0.6506382592773439,False,2026-03-20,C
SOFI260320C00022000,2025-02-04 20:55:29+00:00,22.0,2.33,2.06,2.38,3.0,59,0.6350134155273439,False,2026-03-20,C
SOFI260320C00025000,2025-02-04 17:43:23+00:00,25.0,1.77,1.74,1.89,12.0,300,0.65039412109375,False,2026-03-20,C
SOFI260320C00027000,2025-02-04 16:09:29+00:00,27.0,1.63,1.47,1.8,39.0,19,0.6650424121093752,False,2026-03-20,C
SOFI260320C00030000,2025-02-04 16:08:21+00:00,30.0,1.32,1.18,2.09,54.0,57,0.7236355761718749,False,2026-03-20,C
SOFI260320C00032000,2025-02-03 18:33:30+00:00,32.0,1.11,1.02,2.94,3.0,40,0.8178729150390623,False,2026-03-20,C
SOFI260320C00035000,2025-02-04 16:55:22+00:00,35.0,0.9,0.55,1.15,14.0,518,0.649417568359375,False,2026-03-20,C
SOFI260618C00001000,2025-02-03 20:08:30+00:00,1.0,14.7,13.65,14.7,4.0,779,2.1250046874999997,True,2026-06-18,C
SOFI260618C00002000,2025-01-27 14:41:03+00:00,2.0,14.15,13.35,13.6,1.0,128,1.15625421875,True,2026-06-18,C
SOFI260618C00003000,2025-01-30 19:20:06+00:00,3.0,13.86,12.5,13.5,1.0,584,1.365237548828125,True,2026-06-18,C
SOFI260618C00004000,2025-02-04 20:34:07+00:00,4.0,11.74,11.65,11.85,5.0,1998,0.9677737597656251,True,2026-06-18,C
SOFI260618C00005000,2025-02-03 14:46:50+00:00,5.0,11.15,8.95,11.65,5.0,3024,1.2314491552734375,True,2026-06-18,C
SOFI260618C00007000,2025-02-04 17:54:42+00:00,7.0,8.6,8.35,9.95,3.0,6970,0.745119736328125,True,2026-06-18,C
SOFI260618C00010000,2025-02-04 20:58:45+00:00,10.0,7.3,7.25,7.4,110.0,29009,0.7370631762695312,True,2026-06-18,C
SOFI260618C00012000,2025-02-04 20:29:58+00:00,12.0,6.15,6.1,6.25,250.0,6099,0.70312796875,True,2026-06-18,C
SOFI260618C00015000,2025-02-04 20:57:45+00:00,15.0,4.81,4.75,4.9,164.0,16372,0.6796907031250001,True,2026-06-18,C
SOFI260618C00017000,2025-02-04 19:51:00+00:00,17.0,4.14,4.0,4.15,28.0,5462,0.665286550292969,False,2026-06-18,C
SOFI260618C00020000,2025-02-04 19:56:56+00:00,20.0,3.15,3.15,3.3,405.0,10057,0.6569858520507813,False,2026-06-18,C
SOFI260618C00022000,2025-02-04 20:56:17+00:00,22.0,2.8,2.71,2.87,55.0,1523,0.6557651611328126,False,2026-06-18,C
SOFI260618C00025000,2025-02-04 17:55:53+00:00,25.0,2.28,2.02,2.6,147.0,3240,0.6616244775390626,False,2026-06-18,C
SOFI260618C00027000,2025-02-04 20:56:31+00:00,27.0,2.0,1.9,2.41,6.0,2829,0.6806672558593752,False,2026-06-18,C
SOFI260618C00030000,2025-02-04 20:47:55+00:00,30.0,1.64,1.6,1.69,102.0,4222,0.6567417138671876,False,2026-06-18,C
SOFI260618C00032000,2025-02-04 19:52:26+00:00,32.0,1.46,1.38,1.93,6.0,101,0.6894562304687502,False,2026-06-18,C
SOFI260618C00035000,2025-02-04 18:44:00+00:00,35.0,1.25,1.15,1.28,136.0,356,0.657229990234375,False,2026-06-18,C
SOFI270115C00003000,2025-02-04 17:18:17+00:00,3.0,12.55,12.7,13.05,13.0,1606,1.0664109179687502,True,2027-01-15,C
SOFI270115C00005000,2025-02-04 18:10:44+00:00,5.0,11.14,10.15,11.65,2.0,3373,0.7490259472656251,True,2027-01-15,C
SOFI270115C00007000,2025-02-04 19:14:58+00:00,7.0,9.9,9.65,9.85,62.0,9346,0.7866232275390624,True,2027-01-15,C
SOFI270115C00010000,2025-02-04 20:38:42+00:00,10.0,7.96,7.8,8.25,145.0,20543,0.7438990454101562,True,2027-01-15,C
SOFI270115C00012000,2025-02-04 20:59:22+00:00,12.0,7.0,6.9,7.05,332.0,14092,0.7114286669921875,True,2027-01-15,C
SOFI270115C00015000,2025-02-04 20:59:14+00:00,15.0,5.8,5.75,5.9,486.0,21204,0.7006865869140625,True,2027-01-15,C
SOFI270115C00017000,2025-02-04 20:56:25+00:00,17.0,5.1,5.0,5.4,205.0,7883,0.6967803759765626,False,2027-01-15,C
SOFI270115C00020000,2025-02-04 20:58:20+00:00,20.0,4.3,4.2,4.3,919.0,17412,0.672122419433594,False,2027-01-15,C
SOFI270115C00022000,2025-02-04 18:23:59+00:00,22.0,3.78,3.65,3.85,179.0,2858,0.6626010302734376,False,2027-01-15,C
SOFI270115C00025000,2025-02-04 20:58:44+00:00,25.0,3.15,3.1,3.25,608.0,10324,0.6577182666015625,False,2027-01-15,C
SOFI270115C00027000,2025-02-04 20:16:28+00:00,27.0,2.91,2.83,2.96,100.0,7336,0.6599155102539063,False,2027-01-15,C
SOFI270115C00030000,2025-02-04 20:32:06+00:00,30.0,2.48,2.45,2.56,724.0,7671,0.659183095703125,False,2027-01-15,C
SOFI270115C00032000,2025-02-04 20:27:23+00:00,32.0,2.25,2.08,2.35,21.0,3820,0.65039412109375,False,2027-01-15,C
SOFI270115C00035000,2025-02-04 20:17:21+00:00,35.0,1.94,1.9,2.04,231.0,2793,0.6552768847656252,False,2027-01-15,C
